{
  "products": [
    {
      "title": "Auriculares Inalámbricos XYZ",
      "store": "Amazon",
      "category": "Tecnología",
      "price": 29.99,
      "rating": 4.5,
      "image": "https://images.unsplash.com/photo-1518449401635-7dbf0f9043f8?q=80&w=1200&auto=format&fit=crop",
      "url": "https://www.amazon.com/dp/ASIN_AQUI"
    },
    {
      "title": "Smartwatch Serie S",
      "store": "eBay",
      "category": "Tecnología",
      "price": 39.99,
      "rating": 4.3,
      "image": "https://images.unsplash.com/photo-1523474253046-8cd2748b5fd2?q=80&w=1200&auto=format&fit=crop",
      "url": "https://www.ebay.com/itm/ITEMID_AQUI"
    },
    {
      "title": "Parlante Bluetooth Portable",
      "store": "AliExpress",
      "category": "Audio",
      "price": 18.5,
      "rating": 4.7,
      "image": "https://images.unsplash.com/photo-1453090927415-5f45085b65c0?q=80&w=1200&auto=format&fit=crop",
      "url": "https://www.aliexpress.com/item/1005001234567890.html"
    },
    {
      "title": "TV 55\" 4K HDR",
      "store": "Walmart",
      "category": "TV & Video",
      "price": 349.0,
      "rating": 4.4,
      "image": "https://images.unsplash.com/photo-1517048676732-d65bc937f952?q=80&w=1200&auto=format&fit=crop",
      "url": "https://www.walmart.com/ip/PRODUCTID_AQUI"
    },
    {
      "title": "Laptop 14\" Core i5",
      "store": "Best Buy",
      "category": "Computadoras",
      "price": 599.99,
      "rating": 4.2,
      "image": "https://images.unsplash.com/photo-1517336714731-489689fd1ca8?q=80&w=1200&auto=format&fit=crop",
      "url": "https://www.bestbuy.com/site/sku/1234567.p?skuId=1234567"
    },
    {
      "title": "Cámara DSLR 24MP",
      "store": "B&H",
      "category": "Fotografía",
      "price": 499.0,
      "rating": 4.6,
      "image": "https://images.unsplash.com/photo-1484704849700-f032a568e944?q=80&w=1200&auto=format&fit=crop",
      "url": "https://www.bhphotovideo.com/c/product/PRODUCTID_AQUI.html"
    },
    {
      "title": "Zapatillas Running",
      "store": "Amazon",
      "category": "Moda",
      "price": 49.9,
      "rating": 4.1,
      "image": "https://images.unsplash.com/photo-1542291026-7eec264c27ff?q=80&w=1200&auto=format&fit=crop",
      "url": "https://www.amazon.com/dp/ASIN_AQUI"
    },
    {
      "title": "Aspiradora Robot",
      "store": "eBay",
      "category": "Hogar",
      "price": 129.0,
      "rating": 4.0,
      "image": "https://images.unsplash.com/photo-1581578731548-c64695cc6952?q=80&w=1200&auto=format&fit=crop",
      "url": "https://www.ebay.com/itm/ITEMID_AQUI"
    },
    {
      "title": "Lámpara LED Escritorio",
      "store": "AliExpress",
      "category": "Hogar",
      "price": 12.99,
      "rating": 4.8,
      "image": "https://images.unsplash.com/photo-1524758631624-e2822e304c36?q=80&w=1200&auto=format&fit=crop",
      "url": "https://www.aliexpress.com/item/1005001234567890.html"
    },
    {
      "title": "Monitor 27\" 144Hz",
      "store": "Walmart",
      "category": "Computadoras",
      "price": 189.0,
      "rating": 4.3,
      "image": "https://images.unsplash.com/photo-1545235617-9465d2a55698?q=80&w=1200&auto=format&fit=crop",
      "url": "https://www.walmart.com/ip/PRODUCTID_AQUI"
    },
    {
      "title": "Teclado Mecánico",
      "store": "Best Buy",
      "category": "Computadoras",
      "price": 89.99,
      "rating": 4.5,
      "image": "https://images.unsplash.com/photo-1517336714731-489689fd1ca8?q=80&w=1200&auto=format&fit=crop",
      "url": "https://www.bestbuy.com/site/sku/1234567.p?skuId=1234567"
    },
    {
      "title": "Trípode Fotografía",
      "store": "B&H",
      "category": "Fotografía",
      "price": 39.95,
      "rating": 4.4,
      "image": "https://images.unsplash.com/photo-1452587925148-ce544e77e70d?q=80&w=1200&auto=format&fit=crop",
      "url": "https://www.bhphotovideo.com/c/product/PRODUCTID_AQUI.html"
    }
  ]
}